Estado;Internações;Óbitos;Valor total;Dias permanência;Mortalidade_Hospitalar_%;Custo_Medio_R$;Tempo_Medio_Permanencia_Dias;Cluster
Rondônia;3295,0;43,0;2422817,17;14541,0;1,3050075872534144;735,3011138088012;4,413050075872534;0
Acre;705,0;27,0;621629,94;4655,0;3,829787234042553;881,7445957446807;6,602836879432624;3
Amazonas;3801,0;94,0;2755082,28;20608,0;2,4730334122599316;724,83090765588;5,421731123388582;0
Roraima;798,0;24,0;924454,36;7337,0;3,007518796992481;1158,464110275689;9,19423558897243;1
Pará;6660,0;179,0;4634362,74;30731,0;2,6876876876876876;695,8502612612613;4,614264264264264;0
Amapá;828,0;16,0;279825,81;6760,0;1,932367149758454;337,9538768115942;8,16425120772947;3
Tocantins;2798,0;81,0;2071156,95;17379,0;2,8949249463902786;740,2276447462473;6,211222301644032;3
Maranhão;8026,0;184,0;5030903,67;45814,0;2,2925492150510838;626,8257749813107;5,708198355345129;0
Piauí;3944,0;172,0;2603661,53;20975,0;4,36105476673428;660,1575887423935;5,318204868154158;3
Ceará;17999,0;262,0;15905704,92;117366,0;1,4556364242457913;883,6993677426524;6,520695594199678;0
Rio Grande do Norte;2052,0;51,0;2594136,86;16295,0;2,4853801169590644;1264,1992495126706;7,9410331384015596;1
Paraíba;2596,0;100,0;3391460,98;18395,0;3,8520801232665636;1306,4179429892142;7,085901386748844;1
Pernambuco;21603,0;717,0;16277825,91;134506,0;3,3189834745174283;753,4983988334953;6,226264870619821;3
Alagoas;1847,0;128,0;4338748,56;17497,0;6,930157011369789;2349,0788088792633;9,473199783432593;2
Sergipe;2227,0;105,0;3223690,8;17288,0;4,7148630444544235;1447,5486304445442;7,762909744050292;1
Bahia;23531,0;977,0;25896883,55;163987,0;4,151969742042412;1100,5432642046662;6,968977094046152;1
Minas Gerais;37633,0;1065,0;37934863,52;202325,0;2,829963064331836;1008,0212451837484;5,376265511652008;0
Espírito Santo;7637,0;275,0;9687800,97;52463,0;3,60089040199031;1268,534891973288;6,869582296713369;1
Rio de Janeiro;16513,0;731,0;14946623,29;107667,0;4,4268152364803495;905,14281414643;6,520135650699449;3
São Paulo;65427,0;2059,0;95603287,36;520655,0;3,1470188148623657;1461,2207094930227;7,957800296513672;1
Paraná;31921,0;666,0;45014799,42;133385,0;2,0864008019798876;1410,1938980608377;4,1785971617430535;0
Santa Catarina;10455,0;283,0;12759289,42;51829,0;2,7068388330942135;1220,4007097082736;4,957340985174557;0
Rio Grande do Sul;19982,0;394,0;18782390,56;113125,0;1,9717745971374236;939,9654969472524;5,66134521068962;0
Mato Grosso do Sul;5137,0;149,0;5951092,9;28941,0;2,9005255985984038;1158,476328596457;5,6338329764453965;0
Mato Grosso;4067,0;73,0;2910359,95;17315,0;1,794934841406442;715,6036267519056;4,257437914925006;0
Goiás;11146,0;380,0;13665241,84;76810,0;3,4092948142831507;1226,0220563430828;6,891261439081285;1
Distrito Federal;7791,0;66,0;6440045,93;39204,0;0,8471313053523296;826,6006841227056;5,031959953792838;0
