"Unidade da Federação";"Internações";"Valor total";"Dias permanência";"Óbitos"
"11 Rondônia";3295;2422817,17;14541;43
"12 Acre";705;621629,94;4655;27
"13 Amazonas";3801;2755082,28;20608;94
"14 Roraima";798;924454,36;7337;24
"15 Pará";6660;4634362,74;30731;179
"16 Amapá";828;279825,81;6760;16
"17 Tocantins";2798;2071156,95;17379;81
"21 Maranhão";8026;5030903,67;45814;184
"22 Piauí";3944;2603661,53;20975;172
"23 Ceará";17999;15905704,92;117366;262
"24 Rio Grande do Norte";2052;2594136,86;16295;51
"25 Paraíba";2596;3391460,98;18395;100
"26 Pernambuco";21603;16277825,91;134506;717
"27 Alagoas";1847;4338748,56;17497;128
"28 Sergipe";2227;3223690,80;17288;105
"29 Bahia";23531;25896883,55;163987;977
"31 Minas Gerais";37633;37934863,52;202325;1065
"32 Espírito Santo";7637;9687800,97;52463;275
"33 Rio de Janeiro";16513;14946623,29;107667;731
"35 São Paulo";65427;95603287,36;520655;2059
"41 Paraná";31921;45014799,42;133385;666
"42 Santa Catarina";10455;12759289,42;51829;283
"43 Rio Grande do Sul";19982;18782390,56;113125;394
"50 Mato Grosso do Sul";5137;5951092,90;28941;149
"51 Mato Grosso";4067;2910359,95;17315;73
"52 Goiás";11146;13665241,84;76810;380
"53 Distrito Federal";7791;6440045,93;39204;66
"Total";320419;356668141,19;1997853;9301
&